<?xml version='1.0' encoding='UTF-8' ?>
<timeLogEntries>
  <time id="1" path="/LAB2/Paso 2: Recopilación de Información" start="@1535735057330" delta="10" />
  <time id="2" path="/Proyecto/PSP0/Planning" start="@1535735782413" delta="10" comment="" />
  <time id="3" path="/Proyecto/PSP0/Planning" start="@1535736459832" delta="7" />
  <time id="4" path="/Proyecto/PSP0/Planning" start="@1535737059897" delta="6" />
  <time id="5" path="/Proyecto/PSP0/Planning" start="@1536277866720" delta="18" />
  <time id="6" path="/Proyecto/PSP0/Planning" start="@1536340433951" delta="21" />
  <time id="7" path="/Proyecto/PSP0/Code" start="@1536795886000" delta="10" comment="Se cambio servidor a implementar tabla hash" />
  <time id="8" path="/Proyecto/PSP0/Code" start="@1536338760000" delta="10" comment="Se codifico la clase Jugador y el servidor" />
  <time id="11" path="/Proyecto/PSP0/Test" start="@1536874841000" delta="15" comment="bug, no sirve el HashTable" />
  <time id="14" path="/Proyecto/PSP0/Design" start="@1536854671000" delta="10" comment="Se inicio tabla de Diseño de Pruebas" />
  <time id="15" path="/Proyecto/PSP0/Design" start="@1536855797000" delta="10" comment="Se iniciaron los TAD" />
  <time id="16" path="/Proyecto/PSP0/Design" start="@1537115607121" delta="21" comment="Se modificio y termino la tabla de Diseño de pruebas" />
  <time id="17" path="/Proyecto/PSP0/Test" start="@1537117606731" delta="4" comment="Se implementan test de añadir Jugador" />
  <time id="18" path="/Proyecto/PSP0/Test" start="@1537117875676" delta="7" comment="Se implementan test Del añadir Plataforma" />
  <time id="19" path="/Proyecto/PSP0/Code" start="@1537119497000" delta="5" comment="Se agrego Metodo Borrar Plataforma" />
  <time id="20" path="/Proyecto/PSP0/Code" start="@1536873925000" delta="10" comment="Se modifica el servidor en la implementacion del Has varias veces en busqueda de resolver BUG" />
  <time id="24" path="/Proyecto/PSP0/Design" start="@1537121133781" delta="89" comment="Se completo TAD Server y TadHashTable" />
  <time id="25" path="/Proyecto/PSP0/Design" start="@1537125730000" delta="10" />
  <time id="26" path="/Proyecto/PSP0/Design" start="@1537139536000" delta="85" comment="Se hizoel diagrama de clases" />
  <time id="27" path="/Proyecto/PSP0/Design" start="@1537300771909" delta="43" />
  <time id="28" path="/Proyecto/PSP0/Planning" start="@1537310523096" delta="15" />
  <time id="29" path="/Proyecto/PSP0/Planning" start="@1537312094000" delta="56" interrupt="3" />
  <time id="30" path="/Proyecto/PSP0/Design" start="@1537392044000" delta="38" />
  <time id="32" path="/Proyecto/PSP0/Planning" start="@1536339244000" delta="20" />
  <time id="33" path="/Proyecto/PSP0/Postmortem" start="@1537414052821" delta="8" />
  <time id="34" path="/Proyecto/PSP0/Postmortem" start="@1537415708000" delta="30" />
  <time id="36" path="/Proyecto/PSP0/Postmortem" start="@1537464036000" delta="24" />
  <time id="37" path="/Proyecto/PSP0/Postmortem" start="@1537473613000" delta="20" />
  <time id="38" path="/Proyecto/PSP01/Planning" start="@1538702342458" delta="49" />
  <time id="39" path="/Proyecto/PSP01/Planning" start="@1538707251000" delta="20" />
  <time id="40" path="/Proyecto/PSP01/Planning" start="@1538924626937" delta="31" />
  <time id="41" path="/Proyecto/PSP01/Planning" start="@1540156320000" delta="40" />
  <time id="43" path="/Proyecto/PSP01/Planning" start="@1540159979746" delta="22" />
  <time id="44" path="/Proyecto/PSP01/Design" start="@1540161665382" delta="14" interrupt="6" />
  <time id="45" path="/Proyecto/PSP01/Design" start="@1540162838000" delta="25" />
  <time id="46" path="/Proyecto/PSP01/Planning" start="@1540165349580" delta="15" />
  <time id="47" path="/Proyecto/PSP01/Test" start="@1540166556563" delta="18" />
  <time id="48" path="/Proyecto/PSP01/Code" start="@1540166459000" delta="20" />
  <time id="49" path="/Proyecto/PSP01/Code" start="@1540173039000" delta="20" />
  <time id="50" path="/Proyecto/PSP01/Design" start="@1540175405835" delta="69" />
  <time id="51" path="/Proyecto/PSP01/Design" start="@1540423594506" delta="59" />
  <time id="52" path="/Proyecto/PSP01/Design" start="@1540389622000" delta="30" />
  <time id="53" path="/Proyecto/PSP01/Design" start="@1540178932000" delta="15" />
  <time id="54" path="/Proyecto/PSP01/Test" start="@1540348213000" delta="30" />
  <time id="56" path="/Proyecto/PSP01/Design" start="@1540436650586" delta="33" />
  <time id="57" path="/Proyecto/PSP01/Postmortem" start="@1540480685000" delta="10" comment="Correcion UML" />
  <time id="58" path="/Proyecto/PSP01/Design" start="@1540494173000" delta="10" comment="vpp a Jpg" />
  <time id="59" path="/Proyecto/PSP01/Planning" start="@1540258592000" delta="30" />
  <time id="61" path="/Proyecto/PSP01/Code" start="@1540259480000" delta="40" comment="Intentos de Planeacion test 4 AVL" />
  <time id="62" path="/Proyecto/PSP01/Postmortem" start="@1540434182000" delta="20" comment="revision Y terminacion de TADS" />
  <time id="63" path="/Proyecto/PSP01/Postmortem" start="@1540495505475" delta="20" />
  <time id="64" path="/Proyecto/PSP01/Postmortem" start="@1540497770094" delta="7" />
</timeLogEntries>
