<?xml version='1.0' encoding='UTF-8' ?>
<timeLogEntries>
  <time id="1" path="/AEDLABU2/Identificación del problema" start="@1535597452000" delta="60" />
  <time id="2" path="/AEDLABU2/Recopilación de información" start="@1535683896659" delta="26" />
  <time id="3" path="/Proyecto/PSP0/Planning" start="@1535736206533" delta="60" />
  <time id="4" path="/Proyecto/PSP0/Design" start="@1535736214830" delta="26" />
  <time id="5" path="/Proyecto/PSP0/Design" start="@1535736302062" delta="5" />
  <time id="6" path="/Proyecto/PSP0/Planning" start="@1535915982224" delta="85" interrupt="15" />
  <time id="7" path="/Proyecto/PSP0/Planning" start="@1535923145403" delta="43" />
  <time id="8" path="/Proyecto/PSP0/Planning" start="@1536200908524" delta="20" />
  <time id="9" path="/Proyecto/PSP0/Planning" start="@1536466655845" delta="71" />
  <time id="10" path="/Proyecto/PSP0/Design" start="@1536514294885" delta="44" />
  <time id="11" path="/Proyecto/PSP0/Design" start="@1536525512413" delta="2" />
  <time id="12" path="/Proyecto/PSP0/Code" start="@1536531861948" delta="44" />
  <time id="13" path="/Proyecto/PSP0/Code" start="@1536538047886" delta="11" />
  <time id="14" path="/Proyecto/PSP0/Code" start="@1536595585000" delta="60" />
  <time id="15" path="/Proyecto/PSP0/Test" start="@1536603984134" delta="19" />
  <time id="16" path="/Proyecto/PSP0/Design" start="@1536605232039" delta="7" />
  <time id="17" path="/Proyecto/PSP0/Test" start="@1536804586599" delta="29" />
  <time id="18" path="/Proyecto/PSP0/Design" start="@1536806525759" delta="6" />
  <time id="19" path="/Proyecto/PSP0/Design" start="@1536894127117" delta="44" interrupt="5" />
  <time id="20" path="/Proyecto/PSP0/Code" start="@1536809841000" delta="26" />
  <time id="21" path="/Proyecto/PSP0/Design" start="@1537110193934" delta="45" />
  <time id="22" path="/Proyecto/PSP0/Design" start="@1537113648990" delta="6" />
  <time id="23" path="/Proyecto/PSP0/Design" start="@1537122439810" delta="43" />
  <time id="24" path="/Proyecto/PSP0/Test" start="@1537125187542" delta="15" />
  <time id="25" path="/Proyecto/PSP0/Test" start="@1537127319755" delta="23" />
  <time id="26" path="/Proyecto/PSP0/Test" start="@1537195620769" delta="61" />
  <time id="27" path="/Proyecto/PSP0/Test" start="@1537236997654" delta="24" />
  <time id="28" path="/Proyecto/PSP0/Postmortem" start="@1537238656037" delta="3" />
  <time id="29" path="/Proyecto/PSP0/Compile" start="@1537238865518" delta="8" />
  <time id="30" path="/Proyecto/PSP0/Code" start="@1537239327774" delta="5" />
  <time id="31" path="/Proyecto/PSP0/Design" start="@1537300349197" delta="7" />
  <time id="32" path="/Proyecto/PSP0/Code" start="@1537300746553" delta="25" />
  <time id="33" path="/Proyecto/PSP0/Design" start="@1537302243334" delta="19" />
  <time id="34" path="/Proyecto/PSP0/Design" start="@1537317599733" delta="24" />
  <time id="35" path="/Proyecto/PSP0/Test" start="@1537319039249" delta="29" />
  <time id="36" path="/Proyecto/PSP0/Test" start="@1537328740332" delta="7" />
  <time id="37" path="/Proyecto/PSP0/Test" start="@1537330319252" delta="13" />
  <time id="38" path="/Proyecto/PSP0/Test" start="@1537358848209" delta="35" />
  <time id="39" path="/Proyecto/PSP0/Postmortem" start="@1537412713299" delta="26" />
  <time id="40" path="/Proyecto/PSP0/Postmortem" start="@1537452831675" delta="26" />
  <time id="41" path="/AEDLABU3/PSP0/Planning" start="@1537755426594" delta="30" interrupt="1" />
  <time id="42" path="/AEDLABU3/PSP0/Planning" start="@1538623232459" delta="3" />
  <time id="43" path="/AEDLABU3/PSP0/Code" start="@1538623502392" delta="11" />
  <time id="44" path="/AEDLABU3/PSP0/Planning" start="@1538654449781" delta="147" interrupt="4" />
  <time id="45" path="/AEDLABU3/PSP0/Planning" start="@1538759928761" delta="18" />
  <time id="46" path="/AEDLABU3/PSP0/Planning" start="@1539006831623" delta="109" />
  <time id="47" path="/AEDLABU3/PSP0/Design" start="@1539181911523" delta="2" />
  <time id="48" path="/AEDLABU3/PSP0/Design" start="@1539182920444" delta="19" />
  <time id="49" path="/AEDLABU3/PSP0/Code" start="@1539199531888" delta="35" />
  <time id="50" path="/AEDLABU3/PSP0/Design" start="@1539311113372" delta="25" />
  <time id="51" path="/AEDLABU3/PSP0/Design" start="@1539361577610" delta="21" />
  <time id="52" path="/AEDLABU3/PSP0/Code" start="@1539364942219" delta="3" />
  <time id="53" path="/AEDLABU3/PSP0/Code" start="@1539365740667" delta="14" />
  <time id="54" path="/AEDLABU3/PSP0/Test" start="@1539538547910" delta="4" />
  <time id="55" path="/AEDLABU3/PSP0/Design" start="@1539538807813" delta="15" />
  <time id="56" path="/AEDLABU3/PSP0/Test" start="@1539539683592" delta="11" />
  <time id="57" path="/AEDLABU3/PSP0/Code" start="@1539540329816" delta="9" />
  <time id="58" path="/AEDLABU3/PSP0/Test" start="@1539540899492" delta="28" />
  <time id="59" path="/AEDLABU3/PSP0/Design" start="@1539542629461" delta="5" />
  <time id="60" path="/AEDLABU3/PSP0/Design" start="@1539543456697" delta="8" />
  <time id="61" path="/AEDLABU3/PSP0/Test" start="@1539544347046" delta="18" />
  <time id="62" path="/AEDLABU3/PSP0/Design" start="@1539545426028" delta="13" />
  <time id="63" path="/Schedule/Proba" start="@1539647827989" delta="92" />
  <time id="64" path="/Schedule/Proba" start="@1539653509588" delta="3" />
  <time id="65" path="/Schedule/Proba" start="@1539654010311" delta="32" interrupt="3" />
  <time id="66" path="/AEDLABU3/PSP0/Code" start="@1539656519865" delta="6" />
  <time id="67" path="/AEDLABU3/PSP0/Design" start="@1539656880751" delta="12" />
  <time id="68" path="/AEDLABU3/PSP0/Code" start="@1539657613419" delta="36" />
  <time id="69" path="/Schedule/Estructuras" start="@1539659871331" delta="56" />
  <time id="70" path="/Schedule/Estructuras" start="@1539698430000" delta="30" />
  <time id="71" path="/Schedule/Cálculo" start="@1539720058000" delta="60" />
  <time id="73" path="/Schedule/Estructuras" start="@1539741716279" delta="4" />
  <time id="74" path="/Schedule/Derecho" start="@1539741954472" delta="26" />
  <time id="75" path="/Schedule/Inglés" start="@1539743536096" delta="28" />
  <time id="76" path="/Schedule/Estructuras" start="@1539745199050" delta="7" />
  <time id="77" path="/Schedule/Inglés" start="@1539745628242" delta="29" interrupt="4" />
  <time id="78" path="/Schedule/Estructuras" start="@1539747603000" delta="20" />
  <time id="79" path="/Schedule/Estructuras" start="@1539793451923" delta="44" />
  <time id="80" path="/Schedule/Estructuras" start="@1539801970272" delta="18" interrupt="2" />
  <time id="81" path="/Schedule/Estructuras" start="@1539803583683" delta="63" interrupt="11" />
  <time id="82" path="/AEDLABU3/PSP0/Design" start="@1539808083201" delta="75" />
  <time id="83" path="/Schedule/Estructuras" start="@1539808065000" delta="76" />
  <time id="85" path="/Schedule/Derecho" start="@1539814040529" delta="4" />
  <time id="86" path="/Schedule/Derecho" start="@1539815477790" delta="23" />
  <time id="87" path="/AEDLABU3/PSP0/Code" start="@1539817501045" delta="20" />
  <time id="88" path="/AEDLABU3/PSP0/Code" start="@1539819672503" delta="86" />
  <time id="89" path="/Schedule/Proba" start="@1539829826493" delta="40" />
  <time id="90" path="/Schedule/Estructuras" start="@1539817370000" delta="120" />
  <time id="91" path="/Schedule/Inglés" start="@1539863755913" delta="27" />
  <time id="92" path="/Schedule/Inglés" start="@1539877625405" delta="20" />
  <time id="93" path="/Schedule/Inglés" start="@1539917814203" delta="39" />
  <time id="94" path="/Schedule/Cálculo" start="@1539891410000" delta="90" />
  <time id="95" path="/Schedule/Estructuras" start="@1540055741718" delta="80" />
  <time id="96" path="/Schedule/Cálculo" start="@1540055761850" delta="90" />
  <time id="97" path="/AEDLABU3/PSP0/Test" start="@1540056472000" delta="80" />
  <time id="98" path="/AEDLABU3/PSP0/Test" start="@1540055716000" delta="20" />
  <time id="99" path="/AEDLABU3/PSP0/Code" start="@1540133757629" delta="23" />
  <time id="100" path="/Schedule/Estructuras" start="@1540048752000" delta="20" />
  <time id="101" path="/AEDLABU3/PSP0/Code" start="@1540136290487" delta="38" />
  <time id="102" path="/AEDLABU3/PSP0/Design" start="@1540138597169" delta="47" />
  <time id="103" path="/AEDLABU3/PSP0/Test" start="@1540142556000" delta="60" />
  <time id="104" path="/AEDLABU3/PSP0/Test" start="@1540152173735" delta="112" />
  <time id="105" path="/Schedule/Economía" start="@1540168292827" delta="64" />
  <time id="106" path="/Schedule/Estructuras" start="@1540132636000" delta="250" />
  <time id="107" path="/Schedule/Economía" start="@1540217606000" delta="107" />
  <time id="108" path="/AEDLABU3/PSP0/Compile" start="@1540247937000" delta="11" />
  <time id="109" path="/AEDLABU3/PSP0/Code" start="@1540248622550" delta="8" />
  <time id="110" path="/AEDLABU3/PSP0/Test" start="@1540249116386" delta="2" />
  <time id="111" path="/AEDLABU3/PSP0/Compile" start="@1540249222552" delta="60" />
  <time id="112" path="/AEDLABU3/PSP0/Planning" start="@1540252815840" delta="3" />
  <time id="113" path="/AEDLABU3/PSP0/Postmortem" start="@1540253867051" delta="35" />
  <time id="114" path="/AEDLABU3/PSP0/Code" start="@1540256422556" delta="3" />
  <time id="115" path="/AEDLABU3/PSP0/Code" start="@1540261643492" delta="45" />
  <time id="116" path="/AEDLABU3/PSP0/Code" start="@1540303445492" delta="42" />
  <time id="117" path="/AEDLABU3/PSP0/Code" start="@1540307629378" delta="39" />
  <time id="118" path="/Schedule/Estructuras" start="@1540223675000" delta="167" />
  <time id="119" path="/Schedule/Estructuras" start="@1540310149813" delta="81" />
  <time id="120" path="/Schedule/Cálculo" start="@1540323611589" delta="76" />
  <time id="121" path="/Schedule/Inglés" start="@1540347041748" delta="7" />
  <time id="122" path="/AEDLABU3/PSP0/Compile" start="@1540347491331" delta="9" />
  <time id="123" path="/Schedule/Inglés" start="@1540348023157" delta="49" interrupt="20" />
</timeLogEntries>
